USE [master]
GO
/****** Object:  Database [CSDL]    Script Date: 04/10/2023 19:56:57 ******/
CREATE DATABASE [CSDL] ON  PRIMARY 
( NAME = N'CSDL', FILENAME = N'C:\Program Files\Microsoft SQL Server\MSSQL10_50.MSSQLSERVER\MSSQL\DATA\CSDL.mdf' , SIZE = 2048KB , MAXSIZE = UNLIMITED, FILEGROWTH = 1024KB )
 LOG ON 
( NAME = N'CSDL_log', FILENAME = N'C:\Program Files\Microsoft SQL Server\MSSQL10_50.MSSQLSERVER\MSSQL\DATA\CSDL_log.ldf' , SIZE = 1024KB , MAXSIZE = 2048GB , FILEGROWTH = 10%)
GO
ALTER DATABASE [CSDL] SET COMPATIBILITY_LEVEL = 100
GO
IF (1 = FULLTEXTSERVICEPROPERTY('IsFullTextInstalled'))
begin
EXEC [CSDL].[dbo].[sp_fulltext_database] @action = 'enable'
end
GO
ALTER DATABASE [CSDL] SET ANSI_NULL_DEFAULT OFF
GO
ALTER DATABASE [CSDL] SET ANSI_NULLS OFF
GO
ALTER DATABASE [CSDL] SET ANSI_PADDING OFF
GO
ALTER DATABASE [CSDL] SET ANSI_WARNINGS OFF
GO
ALTER DATABASE [CSDL] SET ARITHABORT OFF
GO
ALTER DATABASE [CSDL] SET AUTO_CLOSE OFF
GO
ALTER DATABASE [CSDL] SET AUTO_CREATE_STATISTICS ON
GO
ALTER DATABASE [CSDL] SET AUTO_SHRINK OFF
GO
ALTER DATABASE [CSDL] SET AUTO_UPDATE_STATISTICS ON
GO
ALTER DATABASE [CSDL] SET CURSOR_CLOSE_ON_COMMIT OFF
GO
ALTER DATABASE [CSDL] SET CURSOR_DEFAULT  GLOBAL
GO
ALTER DATABASE [CSDL] SET CONCAT_NULL_YIELDS_NULL OFF
GO
ALTER DATABASE [CSDL] SET NUMERIC_ROUNDABORT OFF
GO
ALTER DATABASE [CSDL] SET QUOTED_IDENTIFIER OFF
GO
ALTER DATABASE [CSDL] SET RECURSIVE_TRIGGERS OFF
GO
ALTER DATABASE [CSDL] SET  DISABLE_BROKER
GO
ALTER DATABASE [CSDL] SET AUTO_UPDATE_STATISTICS_ASYNC OFF
GO
ALTER DATABASE [CSDL] SET DATE_CORRELATION_OPTIMIZATION OFF
GO
ALTER DATABASE [CSDL] SET TRUSTWORTHY OFF
GO
ALTER DATABASE [CSDL] SET ALLOW_SNAPSHOT_ISOLATION OFF
GO
ALTER DATABASE [CSDL] SET PARAMETERIZATION SIMPLE
GO
ALTER DATABASE [CSDL] SET READ_COMMITTED_SNAPSHOT OFF
GO
ALTER DATABASE [CSDL] SET HONOR_BROKER_PRIORITY OFF
GO
ALTER DATABASE [CSDL] SET  READ_WRITE
GO
ALTER DATABASE [CSDL] SET RECOVERY FULL
GO
ALTER DATABASE [CSDL] SET  MULTI_USER
GO
ALTER DATABASE [CSDL] SET PAGE_VERIFY CHECKSUM
GO
ALTER DATABASE [CSDL] SET DB_CHAINING OFF
GO
EXEC sys.sp_db_vardecimal_storage_format N'CSDL', N'ON'
GO
USE [CSDL]
GO
/****** Object:  Table [dbo].[PHONG]    Script Date: 04/10/2023 19:56:57 ******/
SET ANSI_NULLS ON
GO
SET QUOTED_IDENTIFIER ON
GO
SET ANSI_PADDING ON
GO
CREATE TABLE [dbo].[PHONG](
	[MAPHONG] [int] NOT NULL,
	[LOAIPHONG] [varchar](20) NULL,
	[SOKHACHTOIDA] [int] NULL,
	[GIAPHONG] [decimal](6, 3) NULL,
	[MOTA] [varchar](255) NULL,
PRIMARY KEY CLUSTERED 
(
	[MAPHONG] ASC
)WITH (PAD_INDEX  = OFF, STATISTICS_NORECOMPUTE  = OFF, IGNORE_DUP_KEY = OFF, ALLOW_ROW_LOCKS  = ON, ALLOW_PAGE_LOCKS  = ON) ON [PRIMARY]
) ON [PRIMARY]
GO
SET ANSI_PADDING OFF
GO
INSERT [dbo].[PHONG] ([MAPHONG], [LOAIPHONG], [SOKHACHTOIDA], [GIAPHONG], [MOTA]) VALUES (1, N'LOAI 1', 20, CAST(60.000 AS Decimal(6, 3)), N'')
INSERT [dbo].[PHONG] ([MAPHONG], [LOAIPHONG], [SOKHACHTOIDA], [GIAPHONG], [MOTA]) VALUES (2, N'LOAI 1', 25, CAST(80.000 AS Decimal(6, 3)), N'')
INSERT [dbo].[PHONG] ([MAPHONG], [LOAIPHONG], [SOKHACHTOIDA], [GIAPHONG], [MOTA]) VALUES (3, N'LOAI 2', 15, CAST(50.000 AS Decimal(6, 3)), N'')
INSERT [dbo].[PHONG] ([MAPHONG], [LOAIPHONG], [SOKHACHTOIDA], [GIAPHONG], [MOTA]) VALUES (4, N'LOAI 3', 20, CAST(50.000 AS Decimal(6, 3)), N'')
/****** Object:  Table [dbo].[KHACH_HANG]    Script Date: 04/10/2023 19:56:57 ******/
SET ANSI_NULLS ON
GO
SET QUOTED_IDENTIFIER ON
GO
SET ANSI_PADDING ON
GO
CREATE TABLE [dbo].[KHACH_HANG](
	[MAKH] [int] NOT NULL,
	[TENKH] [varchar](30) NULL,
	[DIACHI] [varchar](50) NULL,
	[SODT] [char](11) NULL,
PRIMARY KEY CLUSTERED 
(
	[MAKH] ASC
)WITH (PAD_INDEX  = OFF, STATISTICS_NORECOMPUTE  = OFF, IGNORE_DUP_KEY = OFF, ALLOW_ROW_LOCKS  = ON, ALLOW_PAGE_LOCKS  = ON) ON [PRIMARY]
) ON [PRIMARY]
GO
SET ANSI_PADDING OFF
GO
INSERT [dbo].[KHACH_HANG] ([MAKH], [TENKH], [DIACHI], [SODT]) VALUES (1, N'MARIA OZAWA', N'HOA XUAN', N'11111111111')
INSERT [dbo].[KHACH_HANG] ([MAKH], [TENKH], [DIACHI], [SODT]) VALUES (2, N'TOKUDA', N'HOA XUAN', N'11111111112')
INSERT [dbo].[KHACH_HANG] ([MAKH], [TENKH], [DIACHI], [SODT]) VALUES (3, N'MIKAMI YUA', N'HOA XUAN', N'11111111113')
INSERT [dbo].[KHACH_HANG] ([MAKH], [TENKH], [DIACHI], [SODT]) VALUES (4, N'NGUYEN VAN D', N'HOA XUAN', N'11111111114')
/****** Object:  Table [dbo].[DICH_VU_DI_KEM]    Script Date: 04/10/2023 19:56:57 ******/
SET ANSI_NULLS ON
GO
SET QUOTED_IDENTIFIER ON
GO
SET ANSI_PADDING ON
GO
CREATE TABLE [dbo].[DICH_VU_DI_KEM](
	[MADV] [int] NOT NULL,
	[TENDV] [varchar](255) NULL,
	[DONVITINH] [varchar](30) NULL,
	[DONGIA] [decimal](6, 3) NULL,
PRIMARY KEY CLUSTERED 
(
	[MADV] ASC
)WITH (PAD_INDEX  = OFF, STATISTICS_NORECOMPUTE  = OFF, IGNORE_DUP_KEY = OFF, ALLOW_ROW_LOCKS  = ON, ALLOW_PAGE_LOCKS  = ON) ON [PRIMARY]
) ON [PRIMARY]
GO
SET ANSI_PADDING OFF
GO
INSERT [dbo].[DICH_VU_DI_KEM] ([MADV], [TENDV], [DONVITINH], [DONGIA]) VALUES (1, N'HOT GIRL', N'EM', CAST(10.000 AS Decimal(6, 3)))
INSERT [dbo].[DICH_VU_DI_KEM] ([MADV], [TENDV], [DONVITINH], [DONGIA]) VALUES (2, N'HOA HAU', N'EM', CAST(20.000 AS Decimal(6, 3)))
INSERT [dbo].[DICH_VU_DI_KEM] ([MADV], [TENDV], [DONVITINH], [DONGIA]) VALUES (3, N'BEER', N'LON', CAST(10.000 AS Decimal(6, 3)))
INSERT [dbo].[DICH_VU_DI_KEM] ([MADV], [TENDV], [DONVITINH], [DONGIA]) VALUES (4, N'TRAI CAY', N'DIA', CAST(35.000 AS Decimal(6, 3)))
/****** Object:  Table [dbo].[DAT_PHONG]    Script Date: 04/10/2023 19:56:57 ******/
SET ANSI_NULLS ON
GO
SET QUOTED_IDENTIFIER ON
GO
SET ANSI_PADDING ON
GO
CREATE TABLE [dbo].[DAT_PHONG](
	[MADATPHONG] [int] NOT NULL,
	[MAPHONG] [int] NULL,
	[MAKH] [int] NULL,
	[NGAYDAT] [date] NULL,
	[GIOBATDAU] [time](7) NULL,
	[GIOKETTHUC] [time](7) NULL,
	[TIENDATCOC] [decimal](6, 3) NULL,
	[GHICHU] [varchar](255) NULL,
	[TRANGTHAIDAT] [varchar](30) NULL,
PRIMARY KEY CLUSTERED 
(
	[MADATPHONG] ASC
)WITH (PAD_INDEX  = OFF, STATISTICS_NORECOMPUTE  = OFF, IGNORE_DUP_KEY = OFF, ALLOW_ROW_LOCKS  = ON, ALLOW_PAGE_LOCKS  = ON) ON [PRIMARY]
) ON [PRIMARY]
GO
SET ANSI_PADDING OFF
GO
INSERT [dbo].[DAT_PHONG] ([MADATPHONG], [MAPHONG], [MAKH], [NGAYDAT], [GIOBATDAU], [GIOKETTHUC], [TIENDATCOC], [GHICHU], [TRANGTHAIDAT]) VALUES (1, 1, 2, CAST(0x0A3E0B00 AS Date), CAST(0x07007870335C0000 AS Time), CAST(0x070048F9F66C0000 AS Time), CAST(100.000 AS Decimal(6, 3)), N'', N'DA DAT')
INSERT [dbo].[DAT_PHONG] ([MADATPHONG], [MAPHONG], [MAKH], [NGAYDAT], [GIOBATDAU], [GIOKETTHUC], [TIENDATCOC], [GHICHU], [TRANGTHAIDAT]) VALUES (2, 1, 3, CAST(0x0B3E0B00 AS Date), CAST(0x0700027C96900000 AS Time), CAST(0x0700D2045AA10000 AS Time), CAST(50.000 AS Decimal(6, 3)), N'', N'DA HUY')
INSERT [dbo].[DAT_PHONG] ([MADATPHONG], [MAPHONG], [MAKH], [NGAYDAT], [GIOBATDAU], [GIOKETTHUC], [TIENDATCOC], [GHICHU], [TRANGTHAIDAT]) VALUES (3, 2, 2, CAST(0x0A3E0B00 AS Date), CAST(0x0700543AD4AB0000 AS Time), CAST(0x07000A527FBA0000 AS Time), CAST(100.000 AS Decimal(6, 3)), N'', N'DA DAT')
INSERT [dbo].[DAT_PHONG] ([MADATPHONG], [MAPHONG], [MAKH], [NGAYDAT], [GIOBATDAU], [GIOKETTHUC], [TIENDATCOC], [GHICHU], [TRANGTHAIDAT]) VALUES (4, 3, 1, CAST(0x103E0B00 AS Date), CAST(0x0700EC7572A30000 AS Time), CAST(0x0700A28D1DB20000 AS Time), CAST(200.000 AS Decimal(6, 3)), N'', N'DA DAT')
/****** Object:  Table [dbo].[CHI_TIET_SU_DUNG_DV]    Script Date: 04/10/2023 19:56:57 ******/
SET ANSI_NULLS ON
GO
SET QUOTED_IDENTIFIER ON
GO
CREATE TABLE [dbo].[CHI_TIET_SU_DUNG_DV](
	[MADATPHONG] [int] NOT NULL,
	[MADV] [int] NOT NULL,
	[SOLUONG] [int] NULL,
PRIMARY KEY CLUSTERED 
(
	[MADATPHONG] ASC,
	[MADV] ASC
)WITH (PAD_INDEX  = OFF, STATISTICS_NORECOMPUTE  = OFF, IGNORE_DUP_KEY = OFF, ALLOW_ROW_LOCKS  = ON, ALLOW_PAGE_LOCKS  = ON) ON [PRIMARY]
) ON [PRIMARY]
GO
INSERT [dbo].[CHI_TIET_SU_DUNG_DV] ([MADATPHONG], [MADV], [SOLUONG]) VALUES (1, 1, 20)
INSERT [dbo].[CHI_TIET_SU_DUNG_DV] ([MADATPHONG], [MADV], [SOLUONG]) VALUES (1, 2, 10)
INSERT [dbo].[CHI_TIET_SU_DUNG_DV] ([MADATPHONG], [MADV], [SOLUONG]) VALUES (1, 3, 3)
INSERT [dbo].[CHI_TIET_SU_DUNG_DV] ([MADATPHONG], [MADV], [SOLUONG]) VALUES (2, 2, 10)
INSERT [dbo].[CHI_TIET_SU_DUNG_DV] ([MADATPHONG], [MADV], [SOLUONG]) VALUES (2, 3, 1)
INSERT [dbo].[CHI_TIET_SU_DUNG_DV] ([MADATPHONG], [MADV], [SOLUONG]) VALUES (3, 3, 2)
INSERT [dbo].[CHI_TIET_SU_DUNG_DV] ([MADATPHONG], [MADV], [SOLUONG]) VALUES (3, 4, 10)
/****** Object:  ForeignKey [FK__DAT_PHONG__MAKH__09DE7BCC]    Script Date: 04/10/2023 19:56:57 ******/
ALTER TABLE [dbo].[DAT_PHONG]  WITH CHECK ADD FOREIGN KEY([MAKH])
REFERENCES [dbo].[KHACH_HANG] ([MAKH])
GO
/****** Object:  ForeignKey [FK__DAT_PHONG__MAPHO__08EA5793]    Script Date: 04/10/2023 19:56:57 ******/
ALTER TABLE [dbo].[DAT_PHONG]  WITH CHECK ADD FOREIGN KEY([MAPHONG])
REFERENCES [dbo].[PHONG] ([MAPHONG])
GO
/****** Object:  ForeignKey [FK__CHI_TIET___MADAT__1273C1CD]    Script Date: 04/10/2023 19:56:57 ******/
ALTER TABLE [dbo].[CHI_TIET_SU_DUNG_DV]  WITH CHECK ADD FOREIGN KEY([MADATPHONG])
REFERENCES [dbo].[DAT_PHONG] ([MADATPHONG])
GO
/****** Object:  ForeignKey [FK_CHI_TIET_SU_DUNG_DV_DICH_VU_DI_KEM]    Script Date: 04/10/2023 19:56:57 ******/
ALTER TABLE [dbo].[CHI_TIET_SU_DUNG_DV]  WITH CHECK ADD  CONSTRAINT [FK_CHI_TIET_SU_DUNG_DV_DICH_VU_DI_KEM] FOREIGN KEY([MADV])
REFERENCES [dbo].[DICH_VU_DI_KEM] ([MADV])
GO
ALTER TABLE [dbo].[CHI_TIET_SU_DUNG_DV] CHECK CONSTRAINT [FK_CHI_TIET_SU_DUNG_DV_DICH_VU_DI_KEM]
GO